Model,Training Time (s),MSE,RMSE,MAE,R² Score
Hist Gradient Boosting,0.38970088958740234,1.4581809634334368,1.2075516400690436,1.0697900710736978,-0.18315615828767884
Random Forest,0.18593192100524902,1.5090854176250437,1.2284483780871884,1.0869162633222915,-0.22445961785229973
XGB Regressor,0.04533648490905762,1.5135976301112493,1.2302835567913801,1.0882858067234127,-0.22812079031609755
Extra Trees Regressor,0.14366960525512695,1.5147607597182506,1.230756173950897,1.0886582588894724,-0.22906454420667788
Decision Tree,0.002000093460083008,1.5147607597182517,1.2307561739508974,1.0886582588894729,-0.22906454420667877
Bagging Regressor,0.024996519088745117,1.5250669304958278,1.2349360025911578,1.0927342923656416,-0.23742688724203287
